year,State,district_num,Rep Inc,Dem Inc,avg_rating,RepVotesMajorPercent,Rep Spend Advantage,Rep Spend Proportion
2020.0,Arizona,1,False,True,2.34375,48.39,,
2020.0,Arizona,2,False,True,1.125,44.88,,
2020.0,Arizona,6,True,False,4.125,52.17,,
2020.0,Arkansas,2,True,False,4.5,55.37,,
2020.0,California,1,True,False,6.5,56.99,,
2020.0,California,4,True,False,6.25,55.95,,
2020.0,California,7,False,True,1.125,43.38,,
2020.0,California,8,False,False,6.75,56.06,,
2020.0,California,10,False,True,1.625,44.84,,
2020.0,California,21,False,True,3.625,50.45,,
2020.0,California,22,True,False,6.625,54.23,,
2020.0,California,25,True,False,4.125,50.05,,
2020.0,California,39,False,True,2.96875,50.6,,
2020.0,California,42,True,False,6.875,57.13,,
2020.0,California,45,False,True,1.25,46.54,,
2020.0,California,48,False,True,2.9375,51.06,,
2020.0,California,50,False,False,5.78125,53.95,,
2020.0,Colorado,3,False,False,4.71875,53.2,,
2020.0,Colorado,6,False,True,1.125,41.17,,
2020.0,Florida,7,False,True,1.25,43.86,,
2020.0,Florida,13,False,True,1.25,46.96,,
2020.0,Florida,15,False,False,5.1875,55.39,,
2020.0,Florida,16,True,False,5.90625,55.5,,
2020.0,Florida,18,True,False,6.28125,57.57,,
2020.0,Florida,26,False,True,3.03125,51.72,,
2020.0,Florida,27,False,True,1.875,51.37,,
2020.0,Georgia,6,False,True,2.71875,45.41,,
2020.0,Georgia,7,False,False,3.40625,48.61,,
2020.0,Illinois,6,False,True,1.5,46.24,,
2020.0,Illinois,13,True,False,4.375,54.46,,
2020.0,Illinois,14,False,True,2.0,49.33,,
2020.0,Illinois,17,False,True,1.875,47.97,,
2020.0,Indiana,5,False,False,3.65625,52.13,,
2020.0,Iowa,1,False,True,3.0625,51.3,,
2020.0,Iowa,2,False,False,2.9375,50.0,,
2020.0,Iowa,3,False,True,2.8125,49.28,,
2020.0,Iowa,4,False,False,6.625,62.12,,
2020.0,Kansas,2,False,False,6.0,57.58,,
2020.0,Kansas,3,False,True,1.25,44.83,,
2020.0,Kentucky,6,True,False,6.0,58.33,,
2020.0,Maine,2,False,True,1.875,46.95,,
2020.0,Michigan,3,False,False,4.25,52.96,,
2020.0,Michigan,6,True,False,5.28125,58.17,,
2020.0,Michigan,7,True,False,6.875,58.75,,
2020.0,Michigan,8,False,True,2.25,48.17,,
2020.0,Michigan,11,False,True,2.25,48.79,,
2020.0,Minnesota,1,True,False,4.15625,51.63,,
2020.0,Minnesota,2,False,True,2.0,48.8,,
2020.0,Minnesota,3,False,True,1.25,44.36,,
2020.0,Minnesota,5,False,True,1.125,28.67,,
2020.0,Minnesota,7,False,True,4.75,57.26,,
2020.0,Minnesota,8,True,False,6.875,60.18,,
2020.0,Missouri,2,True,False,4.15625,53.27,,
2020.0,Nebraska,2,True,False,4.28125,52.35,,
2020.0,Nevada,3,False,True,2.71875,48.42,,
2020.0,Nevada,4,False,True,2.0,47.48,,
2020.0,New Hampshire,1,False,True,2.34375,47.38,,
2020.0,New Hampshire,2,False,True,1.625,44.78,,
2020.0,New Jersey,2,True,False,3.65625,52.93,,
2020.0,New Jersey,3,False,True,2.25,46.07,,
2020.0,New Jersey,5,False,True,1.125,46.2,,
2020.0,New Jersey,7,False,True,2.71875,49.39,,
2020.0,New Jersey,11,False,True,1.25,46.7,,
2020.0,New Mexico,2,False,True,3.75,53.73,,
2020.0,New York,1,True,False,5.1875,55.92,,
2020.0,New York,2,False,False,3.75,53.5,,
2020.0,New York,11,False,True,3.875,53.14,,
2020.0,New York,18,False,True,1.375,43.67,,
2020.0,New York,19,False,True,1.5,44.09,,
2020.0,New York,21,True,False,6.875,58.83,,
2020.0,New York,22,False,True,3.40625,50.02,,
2020.0,New York,24,True,False,4.21875,55.29,,
2020.0,New York,27,True,False,6.75,60.5,,
2020.0,North Carolina,1,False,True,1.375,45.82,,
2020.0,North Carolina,2,False,False,1.21875,35.62,,
2020.0,North Carolina,6,False,False,1.21875,37.73,,
2020.0,North Carolina,8,True,False,5.09375,53.28,,
2020.0,North Carolina,9,True,False,6.0,55.59,,
2020.0,North Carolina,11,False,False,5.3125,56.28,,
2020.0,Ohio,1,True,False,4.28125,53.71,,
2020.0,Ohio,10,True,False,6.03125,58.36,,
2020.0,Ohio,12,True,False,6.125,56.94,,
2020.0,Ohio,13,False,True,1.125,46.12,,
2020.0,Oklahoma,5,False,True,4.0,52.06,,
2020.0,Oregon,4,False,True,2.84375,47.28,,
2020.0,Pennsylvania,1,True,False,4.9375,56.56,,
2020.0,Pennsylvania,7,False,True,1.625,48.13,,
2020.0,Pennsylvania,8,False,True,2.25,48.22,,
2020.0,Pennsylvania,10,True,False,3.75,53.31,,
2020.0,Pennsylvania,16,True,False,6.75,59.34,,
2020.0,Pennsylvania,17,False,True,2.5,48.85,,
2020.0,South Carolina,1,False,True,3.1875,50.63,,
2020.0,South Carolina,2,True,False,6.375,56.65,,
2020.0,Texas,1,True,False,6.875,72.58,,
2020.0,Texas,2,True,False,6.5,56.51,,
2020.0,Texas,3,True,False,5.8125,56.23,,
2020.0,Texas,6,True,False,6.15625,54.56,,
2020.0,Texas,7,False,True,2.34375,48.3,,
2020.0,Texas,10,True,False,4.9375,53.65,,
2020.0,Texas,21,True,False,4.5,53.39,,
2020.0,Texas,22,False,False,4.25,53.6,,
2020.0,Texas,23,False,False,3.03125,52.04,,
2020.0,Texas,24,False,False,3.53125,50.69,,
2020.0,Texas,25,True,False,6.03125,57.05,,
2020.0,Texas,27,True,False,6.875,64.35,,
2020.0,Texas,31,True,False,6.125,54.68,,
2020.0,Texas,32,False,True,2.125,46.93,,
2020.0,Utah,4,False,True,3.65625,50.53,,
2020.0,Virginia,1,True,False,6.875,58.23,,
2020.0,Virginia,2,False,True,2.71875,47.05,,
2020.0,Virginia,5,False,False,4.125,52.58,,
2020.0,Virginia,7,False,True,3.28125,49.09,,
2020.0,Virginia,10,False,True,1.125,43.42,,
2020.0,Washington,3,True,False,5.3125,56.5,,
2020.0,Washington,8,False,True,1.875,48.21,,
2020.0,Wisconsin,3,False,True,2.125,48.67,,
2018.0,Arizona,1,False,True,2.583333333,46.16,-2586880.0,-1.0
2018.0,Arizona,1,False,True,2.583333333,46.16,7410.0,1.0
2018.0,Arizona,2,False,False,2.25,45.25,-1967970.0,-1.0
2018.0,Arizona,2,False,False,2.25,45.25,1083950.0,1.0
2018.0,Arizona,6,True,False,6.333333333,55.19,,
2018.0,Arizona,8,True,False,6.208333333,55.46,-448890.0,-1.0
2018.0,Arizona,8,True,False,6.208333333,55.46,355190.0,1.0
2018.0,Arizona,9,False,False,1.166666667,38.91,-811020.0,-1.0
2018.0,Arizona,9,False,False,1.166666667,38.91,414140.0,1.0
2018.0,Arkansas,2,True,False,5.875,53.22,-1259570.0,-1.0
2018.0,Arkansas,2,True,False,5.875,53.22,1575550.0,1.0
2018.0,California,1,True,False,6.666666667,54.89,-89560.0,-1.0
2018.0,California,4,True,False,6.041666667,54.13,-903960.0,-1.0
2018.0,California,4,True,False,6.041666667,54.13,30310.0,1.0
2018.0,California,7,False,True,1.666666667,44.96,-391010.0,-1.0
2018.0,California,10,True,False,3.5,47.75,-7003950.0,-1.0
2018.0,California,10,True,False,3.5,47.75,6740510.0,1.0
2018.0,California,16,False,True,1.333333333,42.45,-347040.0,-1.0
2018.0,California,16,False,True,1.333333333,42.45,220760.0,1.0
2018.0,California,21,True,False,5.875,49.62,-3165890.0,-1.0
2018.0,California,21,True,False,5.875,49.62,1187830.0,1.0
2018.0,California,22,True,False,6.333333333,52.72,-1833200.0,-1.0
2018.0,California,22,True,False,6.333333333,52.72,871800.0,1.0
2018.0,California,24,False,True,1.333333333,41.44,-430400.0,-1.0
2018.0,California,24,False,True,1.333333333,41.44,298580.0,1.0
2018.0,California,25,True,False,4.0,45.63,-9626960.0,-1.0
2018.0,California,25,True,False,4.0,45.63,3120420.0,1.0
2018.0,California,39,False,False,4.166666667,48.44,-4647930.0,-1.0
2018.0,California,39,False,False,4.166666667,48.44,3355900.0,1.0
2018.0,California,45,True,False,3.666666667,47.95,-2603770.0,-1.0
2018.0,California,45,True,False,3.666666667,47.95,989230.0,1.0
2018.0,California,48,True,False,3.708333333,46.45,-11846290.0,-1.0
2018.0,California,48,True,False,3.708333333,46.45,12370.0,1.0
2018.0,California,49,False,False,2.083333333,43.58,-2718530.0,-1.0
2018.0,California,49,False,False,2.083333333,43.58,100700.0,1.0
2018.0,California,50,True,False,5.25,51.72,-1569360.0,-1.0
2018.0,California,50,True,False,5.25,51.72,9550.0,1.0
2018.0,Colorado,3,True,False,6.0,54.19,-676790.0,-1.0
2018.0,Colorado,3,True,False,6.0,54.19,435680.0,1.0
2018.0,Colorado,6,True,False,2.875,44.21,-8417690.0,-1.0
2018.0,Colorado,6,True,False,2.875,44.21,4634450.0,1.0
2018.0,Florida,6,False,False,5.25,56.31,-1326580.0,-1.0
2018.0,Florida,6,False,False,5.25,56.31,526180.0,1.0
2018.0,Florida,7,False,True,2.125,42.31,-847170.0,-1.0
2018.0,Florida,7,False,True,2.125,42.31,222450.0,1.0
2018.0,Florida,13,False,True,1.166666667,42.36,-13770.0,-1.0
2018.0,Florida,15,False,False,4.458333333,53.02,-1119260.0,-1.0
2018.0,Florida,15,False,False,4.458333333,53.02,494780.0,1.0
2018.0,Florida,16,True,False,5.708333333,54.56,-1785050.0,-1.0
2018.0,Florida,16,True,False,5.708333333,54.56,1131160.0,1.0
2018.0,Florida,18,True,False,5.375,54.3,-2566010.0,-1.0
2018.0,Florida,18,True,False,5.375,54.3,2200270.0,1.0
2018.0,Florida,25,True,False,5.833333333,60.45,-604800.0,-1.0
2018.0,Florida,25,True,False,5.833333333,60.45,848140.0,1.0
2018.0,Florida,26,True,False,4.166666667,49.13,-8523940.0,-1.0
2018.0,Florida,26,True,False,4.166666667,49.13,5556980.0,1.0
2018.0,Florida,27,False,False,2.916666667,46.92,-1820960.0,-1.0
2018.0,Florida,27,False,False,2.916666667,46.92,1165060.0,1.0
2018.0,Georgia,6,True,False,4.583333333,49.49,-2783710.0,-1.0
2018.0,Georgia,6,True,False,4.583333333,49.49,1463870.0,1.0
2018.0,Georgia,7,True,False,5.25,50.07,-1734410.0,-1.0
2018.0,Illinois,6,True,False,3.541666667,46.42,-5920900.0,-1.0
2018.0,Illinois,6,True,False,3.541666667,46.42,3495430.0,1.0
2018.0,Illinois,12,True,False,4.958333333,53.19,-2997900.0,-1.0
2018.0,Illinois,12,True,False,4.958333333,53.19,3114460.0,1.0
2018.0,Illinois,13,True,False,5.083333333,50.38,-3050210.0,-1.0
2018.0,Illinois,13,True,False,5.083333333,50.38,1862190.0,1.0
2018.0,Illinois,14,True,False,3.666666667,47.5,-3914570.0,-1.0
2018.0,Illinois,14,True,False,3.666666667,47.5,410240.0,1.0
2018.0,Indiana,2,True,False,6.208333333,54.84,-1143370.0,-1.0
2018.0,Indiana,2,True,False,6.208333333,54.84,1020970.0,1.0
2018.0,Indiana,9,True,False,6.5,56.48,-1135780.0,-1.0
2018.0,Indiana,9,True,False,6.5,56.48,499000.0,1.0
2018.0,Iowa,1,True,False,2.583333333,47.39,-2634140.0,-1.0
2018.0,Iowa,1,True,False,2.583333333,47.39,1127850.0,1.0
2018.0,Iowa,2,False,True,1.166666667,43.74,-723300.0,-1.0
2018.0,Iowa,3,True,False,3.666666667,48.88,-4717430.0,-1.0
2018.0,Iowa,3,True,False,3.666666667,48.88,3297340.0,1.0
2018.0,Iowa,4,True,False,5.541666667,51.71,-566980.0,-1.0
2018.0,Iowa,4,True,False,5.541666667,51.71,80380.0,1.0
2018.0,Kansas,2,False,False,3.666666667,50.45,-3602540.0,-1.0
2018.0,Kansas,2,False,False,3.666666667,50.45,2962670.0,1.0
2018.0,Kansas,3,True,False,2.75,45.04,-3838390.0,-1.0
2018.0,Kansas,3,True,False,2.75,45.04,3416030.0,1.0
2018.0,Kentucky,6,True,False,4.166666667,51.63,-3797850.0,-1.0
2018.0,Kentucky,6,True,False,4.166666667,51.63,5717920.0,1.0
2018.0,Maine,2,True,False,3.666666667,50.41,-5715410.0,-1.0
2018.0,Maine,2,True,False,3.666666667,50.41,5018380.0,1.0
2018.0,Maine,2,True,False,3.666666667,49.38,-5715410.0,-1.0
2018.0,Maine,2,True,False,3.666666667,49.38,5018380.0,1.0
2018.0,Michigan,1,True,False,6.333333333,56.32,,
2018.0,Michigan,2,True,False,6.666666667,56.28,-319870.0,-1.0
2018.0,Michigan,2,True,False,6.666666667,56.28,125640.0,1.0
2018.0,Michigan,3,True,False,6.666666667,55.76,,
2018.0,Michigan,6,True,False,5.375,52.37,-1228830.0,-1.0
2018.0,Michigan,6,True,False,5.375,52.37,1725480.0,1.0
2018.0,Michigan,7,True,False,5.541666667,53.8,-1297560.0,-1.0
2018.0,Michigan,7,True,False,5.541666667,53.8,549630.0,1.0
2018.0,Michigan,8,True,False,3.541666667,48.03,-8641280.0,-1.0
2018.0,Michigan,8,True,False,3.541666667,48.03,5229070.0,1.0
2018.0,Michigan,11,False,False,3.041666667,46.56,-4386340.0,-1.0
2018.0,Michigan,11,False,False,3.041666667,46.56,787340.0,1.0
2018.0,Minnesota,1,False,False,3.833333333,50.23,-3690770.0,-1.0
2018.0,Minnesota,1,False,False,3.833333333,50.23,3950080.0,1.0
2018.0,Minnesota,2,True,False,3.041666667,47.24,-5113770.0,-1.0
2018.0,Minnesota,2,True,False,3.041666667,47.24,3431250.0,1.0
2018.0,Minnesota,3,True,False,3.041666667,44.28,-5200790.0,-1.0
2018.0,Minnesota,3,True,False,3.041666667,44.28,6875830.0,1.0
2018.0,Minnesota,7,False,True,2.166666667,47.87,-661810.0,-1.0
2018.0,Minnesota,8,False,False,5.25,52.89,-2740390.0,-1.0
2018.0,Minnesota,8,False,False,5.25,52.89,5294870.0,1.0
2018.0,Missouri,2,True,False,6.0,52.01,-826970.0,-1.0
2018.0,Missouri,2,True,False,6.0,52.01,811670.0,1.0
2018.0,Nebraska,2,True,False,5.083333333,51.0,-897930.0,-1.0
2018.0,Nebraska,2,True,False,5.083333333,51.0,1833810.0,1.0
2018.0,Nevada,3,False,False,3.041666667,45.22,-5545110.0,-1.0
2018.0,Nevada,3,False,False,3.041666667,45.22,3280760.0,1.0
2018.0,Nevada,4,False,False,2.75,45.72,-6817940.0,-1.0
2018.0,Nevada,4,False,False,2.75,45.72,3394020.0,1.0
2018.0,New Hampshire,1,False,False,2.583333333,45.66,-839560.0,-1.0
2018.0,New Hampshire,1,False,False,2.583333333,45.66,182030.0,1.0
2018.0,New Hampshire,2,False,True,1.166666667,43.16,-438930.0,-1.0
2018.0,New Jersey,2,False,False,1.458333333,46.09,-573810.0,-1.0
2018.0,New Jersey,3,True,False,3.708333333,49.34,-6185250.0,-1.0
2018.0,New Jersey,3,True,False,3.708333333,49.34,4118220.0,1.0
2018.0,New Jersey,4,True,False,6.833333333,56.26,,
2018.0,New Jersey,5,False,True,1.666666667,43.07,-419810.0,-1.0
2018.0,New Jersey,7,True,False,3.333333333,47.45,-1575400.0,-1.0
2018.0,New Jersey,7,True,False,3.333333333,47.45,930970.0,1.0
2018.0,New Jersey,11,False,False,2.75,42.6,-4606720.0,-1.0
2018.0,New Jersey,11,False,False,2.75,42.6,16360.0,1.0
2018.0,New Mexico,1,False,False,1.166666667,38.05,-309950.0,-1.0
2018.0,New Mexico,1,False,False,1.166666667,38.05,1730.0,1.0
2018.0,New Mexico,2,False,False,3.833333333,49.07,-4654140.0,-1.0
2018.0,New Mexico,2,False,False,3.833333333,49.07,2152020.0,1.0
2018.0,New York,1,True,False,5.833333333,52.07,,
2018.0,New York,2,True,False,6.166666667,53.11,286140.0,1.0
2018.0,New York,3,False,True,1.166666667,41.02,,
2018.0,New York,11,True,False,5.416666667,46.76,-569260.0,-1.0
2018.0,New York,18,False,True,1.333333333,44.53,,
2018.0,New York,19,True,False,3.541666667,47.33,-4184630.0,-1.0
2018.0,New York,19,True,False,3.541666667,47.33,2712880.0,1.0
2018.0,New York,21,True,False,6.333333333,56.94,-344830.0,-1.0
2018.0,New York,21,True,False,6.333333333,56.94,607620.0,1.0
2018.0,New York,22,True,False,3.708333333,49.11,-5942270.0,-1.0
2018.0,New York,22,True,False,3.708333333,49.11,6325270.0,1.0
2018.0,New York,23,True,False,6.333333333,54.24,-435260.0,-1.0
2018.0,New York,23,True,False,6.333333333,54.24,555160.0,1.0
2018.0,New York,24,True,False,5.416666667,52.63,-1627460.0,-1.0
2018.0,New York,24,True,False,5.416666667,52.63,1319560.0,1.0
2018.0,New York,27,True,False,5.25,50.19,-305920.0,-1.0
2018.0,New York,27,True,False,5.25,50.19,547370.0,1.0
2018.0,North Carolina,2,True,False,5.25,52.81,-1942930.0,-1.0
2018.0,North Carolina,2,True,False,5.25,52.81,1998210.0,1.0
2018.0,North Carolina,6,True,False,6.833333333,56.52,,
2018.0,North Carolina,7,True,False,6.833333333,56.48,-145250.0,-1.0
2018.0,North Carolina,7,True,False,6.833333333,56.48,155600.0,1.0
2018.0,North Carolina,8,True,False,6.333333333,55.34,328270.0,1.0
2018.0,North Carolina,9,False,False,3.833333333,50.16,-5276310.0,-1.0
2018.0,North Carolina,9,False,False,3.833333333,50.16,2701380.0,1.0
2018.0,North Carolina,13,True,False,4.791666667,53.09,-2435480.0,-1.0
2018.0,North Carolina,13,True,False,4.791666667,53.09,1450670.0,1.0
2018.0,Ohio,1,True,False,5.125,52.25,-3161500.0,-1.0
2018.0,Ohio,1,True,False,5.125,52.25,3468230.0,1.0
2018.0,Ohio,7,True,False,6.666666667,58.74,-1367160.0,-1.0
2018.0,Ohio,7,True,False,6.666666667,58.74,811940.0,1.0
2018.0,Ohio,10,True,False,6.166666667,57.01,-384640.0,-1.0
2018.0,Ohio,10,True,False,6.166666667,57.01,294850.0,1.0
2018.0,Ohio,12,True,False,4.666666667,52.14,-1306880.0,-1.0
2018.0,Ohio,12,True,False,4.666666667,52.14,894240.0,1.0
2018.0,Ohio,14,True,False,5.875,55.25,-875290.0,-1.0
2018.0,Ohio,14,True,False,5.875,55.25,618730.0,1.0
2018.0,Ohio,15,True,False,6.833333333,59.5,-224380.0,-1.0
2018.0,Ohio,15,True,False,6.833333333,59.5,617530.0,1.0
2018.0,Ohio,16,False,False,6.833333333,56.73,-20620.0,-1.0
2018.0,Ohio,16,False,False,6.833333333,56.73,180650.0,1.0
2018.0,Oklahoma,5,True,False,6.166666667,49.3,-517560.0,-1.0
2018.0,Oklahoma,5,True,False,6.166666667,49.3,248800.0,1.0
2018.0,Oregon,5,False,True,1.5,43.19,-151880.0,-1.0
2018.0,Pennsylvania,1,True,False,4.166666667,51.26,-5970240.0,-1.0
2018.0,Pennsylvania,1,True,False,4.166666667,51.26,6210270.0,1.0
2018.0,Pennsylvania,5,False,False,1.458333333,34.81,-128080.0,-1.0
2018.0,Pennsylvania,6,False,False,1.458333333,41.12,-1090420.0,-1.0
2018.0,Pennsylvania,7,False,False,2.583333333,44.83,-2415670.0,-1.0
2018.0,Pennsylvania,8,False,True,1.916666667,45.36,-924110.0,-1.0
2018.0,Pennsylvania,8,False,True,1.916666667,45.36,973280.0,1.0
2018.0,Pennsylvania,10,True,False,4.75,51.32,-1619150.0,-1.0
2018.0,Pennsylvania,10,True,False,4.75,51.32,1385610.0,1.0
2018.0,Pennsylvania,11,True,False,6.833333333,58.98,-196160.0,-1.0
2018.0,Pennsylvania,11,True,False,6.833333333,58.98,549330.0,1.0
2018.0,Pennsylvania,14,False,False,6.541666667,57.91,-63230.0,-1.0
2018.0,Pennsylvania,14,False,False,6.541666667,57.91,267060.0,1.0
2018.0,Pennsylvania,16,True,False,5.208333333,52.17,-1445810.0,-1.0
2018.0,Pennsylvania,16,True,False,5.208333333,52.17,1136780.0,1.0
2018.0,Pennsylvania,17,False,True,1.916666667,43.74,-2355850.0,-1.0
2018.0,Pennsylvania,17,False,True,1.916666667,43.74,2027360.0,1.0
2018.0,South Carolina,1,False,False,5.375,49.31,-723780.0,-1.0
2018.0,South Carolina,1,False,False,5.375,49.31,378990.0,1.0
2018.0,Texas,2,False,False,6.333333333,53.7,-415540.0,-1.0
2018.0,Texas,2,False,False,6.333333333,53.7,562240.0,1.0
2018.0,Texas,6,False,False,6.5,53.89,,
2018.0,Texas,7,True,False,4.291666667,47.47,-7582090.0,-1.0
2018.0,Texas,7,True,False,4.291666667,47.47,6155350.0,1.0
2018.0,Texas,10,True,False,6.666666667,52.18,,
2018.0,Texas,21,False,False,6.041666667,51.33,-860390.0,-1.0
2018.0,Texas,21,False,False,6.041666667,51.33,385930.0,1.0
2018.0,Texas,22,True,False,6.166666667,52.51,-345010.0,-1.0
2018.0,Texas,23,True,False,5.25,50.23,-4704320.0,-1.0
2018.0,Texas,23,True,False,5.25,50.23,4812090.0,1.0
2018.0,Texas,24,True,False,6.833333333,51.56,,
2018.0,Texas,25,True,False,6.833333333,54.45,-7490.0,-1.0
2018.0,Texas,25,True,False,6.833333333,54.45,187410.0,1.0
2018.0,Texas,31,True,False,6.208333333,51.48,-2456670.0,-1.0
2018.0,Texas,31,True,False,6.208333333,51.48,391100.0,1.0
2018.0,Texas,32,True,False,4.0,46.68,-8237830.0,-1.0
2018.0,Texas,32,True,False,4.0,46.68,5301650.0,1.0
2018.0,Utah,4,True,False,3.666666667,49.87,-2384500.0,-1.0
2018.0,Utah,4,True,False,3.666666667,49.87,1823700.0,1.0
2018.0,Virginia,2,True,False,4.291666667,48.88,-4262260.0,-1.0
2018.0,Virginia,2,True,False,4.291666667,48.88,2178120.0,1.0
2018.0,Virginia,5,False,False,4.875,53.27,-1315830.0,-1.0
2018.0,Virginia,5,False,False,4.875,53.27,1313050.0,1.0
2018.0,Virginia,7,True,False,3.833333333,49.02,-3728980.0,-1.0
2018.0,Virginia,7,True,False,3.833333333,49.02,2360580.0,1.0
2018.0,Virginia,10,True,False,2.875,43.8,-7785700.0,-1.0
2018.0,Virginia,10,True,False,2.875,43.8,6086040.0,1.0
2018.0,Washington,3,True,False,5.208333333,52.67,-2125020.0,-1.0
2018.0,Washington,3,True,False,5.208333333,52.67,1170670.0,1.0
2018.0,Washington,5,True,False,5.375,54.76,-1373230.0,-1.0
2018.0,Washington,5,True,False,5.375,54.76,1220620.0,1.0
2018.0,Washington,8,False,False,3.5,47.58,-7989670.0,-1.0
2018.0,Washington,8,False,False,3.5,47.58,5522670.0,1.0
2018.0,West Virginia,2,True,False,6.666666667,55.67,-121630.0,-1.0
2018.0,West Virginia,2,True,False,6.666666667,55.67,294630.0,1.0
2018.0,West Virginia,3,False,False,5.25,56.37,-1877880.0,-1.0
2018.0,West Virginia,3,False,False,5.25,56.37,951050.0,1.0
2018.0,Wisconsin,1,False,False,5.25,56.35,-1329970.0,-1.0
2018.0,Wisconsin,1,False,False,5.25,56.35,2127280.0,1.0
2018.0,Wisconsin,3,False,True,1.166666667,40.33,,
2018.0,Wisconsin,6,True,False,6.5,55.51,-1634410.0,-1.0
2018.0,Wisconsin,6,True,False,6.5,55.51,629340.0,1.0
2016.0,Arizona,1,False,False,3.1,46.12,-3418580.0,-1.0
2016.0,Arizona,1,False,False,3.1,46.12,188760.0,1.0
2016.0,Arizona,2,True,False,6.0,56.96,-617850.0,-1.0
2016.0,Arizona,2,True,False,6.0,56.96,1843650.0,1.0
2016.0,California,7,False,True,2.9,48.83,-2172120.0,-1.0
2016.0,California,7,False,True,2.9,48.83,2377290.0,1.0
2016.0,California,10,True,False,4.3,51.7,-2430190.0,-1.0
2016.0,California,10,True,False,4.3,51.7,2536150.0,1.0
2016.0,California,21,True,False,5.45,56.74,-1522350.0,-1.0
2016.0,California,21,True,False,5.45,56.74,1561860.0,1.0
2016.0,California,24,False,False,2.75,46.58,-840380.0,-1.0
2016.0,California,24,False,False,2.75,46.58,916870.0,1.0
2016.0,California,25,True,False,4.25,53.13,-1603870.0,-1.0
2016.0,California,25,True,False,4.25,53.13,106770.0,1.0
2016.0,California,49,True,False,3.95,50.26,-3005080.0,-1.0
2016.0,California,49,True,False,3.95,50.26,1978200.0,1.0
2016.0,California,52,False,True,1.2,43.47,-1376750.0,-1.0
2016.0,California,52,False,True,1.2,43.47,514490.0,1.0
2016.0,Colorado,3,True,False,6.0,57.51,-1960760.0,-1.0
2016.0,Colorado,3,True,False,6.0,57.51,1373790.0,1.0
2016.0,Colorado,6,True,False,4.35,54.44,-4725480.0,-1.0
2016.0,Colorado,6,True,False,4.35,54.44,4006740.0,1.0
2016.0,Florida,2,False,False,6.6,69.22,,
2016.0,Florida,7,True,False,3.65,48.52,-2306260.0,-1.0
2016.0,Florida,7,True,False,3.65,48.52,1087110.0,1.0
2016.0,Florida,10,False,False,1.4,35.13,,
2016.0,Florida,13,True,False,2.9,48.1,-2301060.0,-1.0
2016.0,Florida,13,True,False,2.9,48.1,38970.0,1.0
2016.0,Florida,18,False,False,4.4,55.44,-2478830.0,-1.0
2016.0,Florida,18,False,False,4.4,55.44,3363430.0,1.0
2016.0,Florida,26,True,False,4.2,56.26,-3753280.0,-1.0
2016.0,Florida,26,True,False,4.2,56.26,4740700.0,1.0
2016.0,Florida,27,True,False,6.6,54.89,-186580.0,-1.0
2016.0,Florida,27,True,False,6.6,54.89,554500.0,1.0
2016.0,Illinois,10,True,False,3.8,47.39,-8444110.0,-1.0
2016.0,Illinois,10,True,False,3.8,47.39,6514920.0,1.0
2016.0,Illinois,12,True,False,6.2,57.77,-411000.0,-1.0
2016.0,Illinois,12,True,False,6.2,57.77,695430.0,1.0
2016.0,Indiana,2,True,False,6.2,61.61,-344390.0,-1.0
2016.0,Indiana,2,True,False,6.2,61.61,723370.0,1.0
2016.0,Indiana,9,False,False,5.45,57.23,-2231030.0,-1.0
2016.0,Indiana,9,False,False,5.45,57.23,2031680.0,1.0
2016.0,Iowa,1,True,False,4.2,53.84,-1965810.0,-1.0
2016.0,Iowa,1,True,False,4.2,53.84,1500540.0,1.0
2016.0,Iowa,3,True,False,4.95,57.37,-1641500.0,-1.0
2016.0,Iowa,3,True,False,4.95,57.37,2294380.0,1.0
2016.0,Kansas,3,True,False,5.1,55.82,-922910.0,-1.0
2016.0,Kansas,3,True,False,5.1,55.82,1502700.0,1.0
2016.0,Maine,2,True,False,3.8,54.8,-4846550.0,-1.0
2016.0,Maine,2,True,False,3.8,54.8,3400990.0,1.0
2016.0,Maryland,6,False,True,1.4,41.74,-509390.0,-1.0
2016.0,Maryland,6,False,True,1.4,41.74,1098520.0,1.0
2016.0,Michigan,1,False,False,4.55,57.81,69350.0,1.0
2016.0,Michigan,6,True,False,6.8,61.7,-670170.0,-1.0
2016.0,Michigan,6,True,False,6.8,61.7,995930.0,1.0
2016.0,Michigan,7,True,False,5.45,57.9,-1507380.0,-1.0
2016.0,Michigan,7,True,False,5.45,57.9,1192890.0,1.0
2016.0,Michigan,8,True,False,6.0,58.85,-889060.0,-1.0
2016.0,Michigan,8,True,False,6.0,58.85,1455240.0,1.0
2016.0,Minnesota,2,False,False,3.45,50.97,-4889660.0,-1.0
2016.0,Minnesota,2,False,False,3.45,50.97,1813770.0,1.0
2016.0,Minnesota,3,True,False,5.25,56.86,-3776980.0,-1.0
2016.0,Minnesota,3,True,False,5.25,56.86,3606760.0,1.0
2016.0,Minnesota,8,False,True,3.5,49.72,-7274670.0,-1.0
2016.0,Minnesota,8,False,True,3.5,49.72,6635470.0,1.0
2016.0,Nebraska,2,False,True,3.65,50.62,-2665400.0,-1.0
2016.0,Nebraska,2,False,True,3.65,50.62,2145640.0,1.0
2016.0,Nevada,3,False,False,3.6,49.32,-3840540.0,-1.0
2016.0,Nevada,3,False,False,3.6,49.32,3577820.0,1.0
2016.0,Nevada,4,True,False,3.05,47.85,-2634500.0,-1.0
2016.0,Nevada,4,True,False,3.05,47.85,2660230.0,1.0
2016.0,New Hampshire,1,True,False,3.05,49.23,-269690.0,-1.0
2016.0,New Hampshire,1,True,False,3.05,49.23,429070.0,1.0
2016.0,New Jersey,5,True,False,3.65,47.74,-3201920.0,-1.0
2016.0,New Jersey,5,True,False,3.65,47.74,1539990.0,1.0
2016.0,New York,1,True,False,5.3,58.22,-334750.0,-1.0
2016.0,New York,3,False,False,2.5,47.0,-38530.0,-1.0
2016.0,New York,3,False,False,2.5,47.0,86720.0,1.0
2016.0,New York,19,False,False,4.2,54.06,-3500680.0,-1.0
2016.0,New York,19,False,False,4.2,54.06,2099490.0,1.0
2016.0,New York,21,True,False,6.2,68.41,-519460.0,-1.0
2016.0,New York,21,True,False,6.2,68.41,558470.0,1.0
2016.0,New York,22,False,False,4.4,53.11,-2677390.0,-1.0
2016.0,New York,22,False,False,4.4,53.11,506470.0,1.0
2016.0,New York,23,True,False,6.0,57.59,-699890.0,-1.0
2016.0,New York,23,True,False,6.0,57.59,873360.0,1.0
2016.0,New York,24,True,False,5.25,60.56,-1312520.0,-1.0
2016.0,New York,24,True,False,5.25,60.56,1737630.0,1.0
2016.0,New York,25,False,True,1.4,43.81,-427350.0,-1.0
2016.0,New York,25,False,True,1.4,43.81,119570.0,1.0
2016.0,Pennsylvania,6,True,False,6.6,57.24,,
2016.0,Pennsylvania,8,False,False,4.2,54.43,-5117810.0,-1.0
2016.0,Pennsylvania,8,False,False,4.2,54.43,3916990.0,1.0
2016.0,Pennsylvania,16,False,False,5.8,55.62,-526850.0,-1.0
2016.0,Pennsylvania,16,False,False,5.8,55.62,420570.0,1.0
2016.0,Texas,23,True,False,3.8,50.7,-5875650.0,-1.0
2016.0,Texas,23,True,False,3.8,50.7,4824490.0,1.0
2016.0,Utah,4,True,False,5.25,56.55,-1351470.0,-1.0
2016.0,Utah,4,True,False,5.25,56.55,1722270.0,1.0
2016.0,Virginia,4,False,False,1.4,42.13,,
2016.0,Virginia,5,False,False,5.85,58.34,-619590.0,-1.0
2016.0,Virginia,5,False,False,5.85,58.34,828520.0,1.0
2016.0,Virginia,10,True,False,4.35,52.9,-7914030.0,-1.0
2016.0,Virginia,10,True,False,4.35,52.9,8630660.0,1.0
2016.0,Wisconsin,8,False,False,5.45,62.68,-1060080.0,-1.0
2016.0,Wisconsin,8,False,False,5.45,62.68,1389030.0,1.0
2014.0,Arizona,1,False,True,4.2,47.39,-11078669.100000035,-1.0
2014.0,Arizona,1,False,True,4.2,47.39,4672026.600000003,1.0
2014.0,Arizona,2,False,True,3.8,50.04,-4783309.19999995,-1.0
2014.0,Arizona,2,False,True,3.8,50.04,5864055.999999998,1.0
2014.0,Arizona,9,False,True,2.35,43.36,-3654601.3000000003,-1.0
2014.0,Arizona,9,False,True,2.35,43.36,622280.0,1.0
2014.0,Arkansas,2,False,False,4.2,54.32,-1444330.0,-1.0
2014.0,Arkansas,2,False,False,4.2,54.32,888610.0,1.0
2014.0,Arkansas,4,False,False,5.25,55.8,-1061600.0,-1.0
2014.0,Arkansas,4,False,False,5.25,55.8,649500.0,1.0
2014.0,California,3,False,True,1.6,47.28,-101180.0,-1.0
2014.0,California,7,False,True,4.2,49.6,-2507370.0,-1.0
2014.0,California,7,False,True,4.2,49.6,4699410.0,1.0
2014.0,California,9,False,True,1.2,47.63,-59660.0,-1.0
2014.0,California,21,True,False,5.45,57.83,-1252240.0,-1.0
2014.0,California,21,True,False,5.45,57.83,1363830.0,1.0
2014.0,California,24,False,True,1.95,48.07,-299240.0,-1.0
2014.0,California,24,False,True,1.95,48.07,26280.0,1.0
2014.0,California,26,False,True,3.5,48.67,-3102370.0,-1.0
2014.0,California,31,False,False,2.9,48.27,,
2014.0,California,36,False,True,2.6,45.82,-1932070.0,-1.0
2014.0,California,36,False,True,2.6,45.82,346510.0,1.0
2014.0,California,52,False,True,3.8,48.41,-7584950.0,-1.0
2014.0,California,52,False,True,3.8,48.41,5978430.0,1.0
2014.0,Colorado,6,True,False,4.4,54.69,-6386160.0,-1.0
2014.0,Colorado,6,True,False,4.4,54.69,4075000.0,1.0
2014.0,Connecticut,5,False,True,1.8,46.26,-3209280.0,-1.0
2014.0,Connecticut,5,False,True,1.8,46.26,394460.0,1.0
2014.0,Florida,2,True,False,3.8,49.43,-2294660.0,-1.0
2014.0,Florida,2,True,False,3.8,49.43,5001030.8999999985,1.0
2014.0,Florida,18,False,True,2.2,40.22,-3532170.0,-1.0
2014.0,Florida,18,False,True,2.2,40.22,600485.0,1.0
2014.0,Florida,26,False,True,4.2,51.46,-2464340.0,-1.0
2014.0,Florida,26,False,True,4.2,51.46,4820930.0,1.0
2014.0,Georgia,12,False,True,3.5,54.75,-6401910.0,-1.0
2014.0,Georgia,12,False,True,3.5,54.75,4923960.0,1.0
2014.0,Hawaii,1,False,False,3.1,48.07,-1627920.0,-1.0
2014.0,Hawaii,1,False,False,3.1,48.07,1249870.0,1.0
2014.0,Illinois,8,False,True,1.2,44.27,-116100.0,-1.0
2014.0,Illinois,10,False,True,4.2,51.3,-5788920.0,-1.0
2014.0,Illinois,10,False,True,4.2,51.3,8923030.0,1.0
2014.0,Illinois,11,False,True,2.0,46.54,-179400.0,-1.0
2014.0,Illinois,12,False,True,4.2,55.6,-4463310.0,-1.0
2014.0,Illinois,12,False,True,4.2,55.6,5189930.0,1.0
2014.0,Illinois,13,True,False,6.0,58.66,-1007750.0,-1.0
2014.0,Illinois,13,True,False,6.0,58.66,524186.6999999996,1.0
2014.0,Illinois,17,False,True,2.55,44.54,-2425690.0000000093,-1.0
2014.0,Illinois,17,False,True,2.55,44.54,204310.0,1.0
2014.0,Indiana,2,True,False,6.6,60.62,-198010.0,-1.0
2014.0,Indiana,2,True,False,6.6,60.62,565760.0,1.0
2014.0,Iowa,1,False,False,3.8,51.15,-248900.0,-1.0
2014.0,Iowa,1,False,False,3.8,51.15,649160.0,1.0
2014.0,Iowa,2,False,True,2.9,47.44,-2417240.0,-1.0
2014.0,Iowa,2,False,True,2.9,47.44,280320.0,1.0
2014.0,Iowa,3,False,False,4.2,55.54,-3166270.0,-1.0
2014.0,Iowa,3,False,False,4.2,55.54,2000030.0,1.0
2014.0,Iowa,4,True,False,6.6,61.68,-833467.4,-1.0
2014.0,Iowa,4,True,False,6.6,61.68,674370.0,1.0
2014.0,Kansas,2,True,False,6.2,59.63,515960.0,1.0
2014.0,Kansas,3,True,False,6.4,60.02,-237900.0,-1.0
2014.0,Kansas,3,True,False,6.4,60.02,671650.0,1.0
2014.0,Maine,2,False,False,3.1,52.93,-1599230.0,-1.0
2014.0,Maine,2,False,False,3.1,52.93,623060.0,1.0
2014.0,Maryland,6,False,True,1.6,49.26,-457030.0,-1.0
2014.0,Massachusetts,6,False,False,3.4,42.8,-1191190.0,-1.0
2014.0,Massachusetts,6,False,False,3.4,42.8,1684730.0,1.0
2014.0,Massachusetts,9,False,True,2.15,45.02,-76160.0,-1.0
2014.0,Massachusetts,9,False,True,2.15,45.02,84150.0,1.0
2014.0,Michigan,1,True,False,5.65,53.52,,
2014.0,Michigan,4,False,False,6.8,59.1,376740.0,1.0
2014.0,Michigan,6,True,False,6.6,58.05,-1014290.0,-1.0
2014.0,Michigan,6,True,False,6.6,58.05,1108850.0,1.0
2014.0,Michigan,7,True,False,6.4,56.49,-458750.0,-1.0
2014.0,Michigan,7,True,False,6.4,56.49,501090.0,1.0
2014.0,Michigan,8,False,False,6.4,56.48,-70110.0,-1.0
2014.0,Michigan,8,False,False,6.4,56.48,89170.0,1.0
2014.0,Michigan,11,False,False,6.6,58.0,-144470.0,-1.0
2014.0,Michigan,11,False,False,6.6,58.0,1359550.0,1.0
2014.0,New Hampshire,1,False,True,4.2,51.8,-3594700.0,-1.0
2014.0,New Hampshire,1,False,True,4.2,51.8,2436625.1,1.0
2014.0,Minnesota,1,False,True,1.2,45.73,,
2014.0,Minnesota,7,False,True,3.1,45.72,-1749720.0,-1.0
2014.0,Minnesota,7,False,True,3.1,45.72,2007190.0,1.0
2014.0,Minnesota,8,False,True,4.2,49.27,-4633810.0,-1.0
2014.0,Minnesota,8,False,True,4.2,49.27,5079000.0,1.0
2014.0,Nebraska,2,True,False,3.8,48.24,-1705380.0,-1.0
2014.0,Nebraska,2,True,False,3.8,48.24,1500349.8000000133,1.0
2014.0,Nevada,3,True,False,6.6,62.71,-636780.0,-1.0
2014.0,Nevada,3,True,False,6.6,62.71,2350660.4000000004,1.0
2014.0,Nevada,4,False,True,2.95,51.47,-741730.0,-1.0
2014.0,Nevada,4,False,True,2.95,51.47,2529670.0,1.0
2014.0,New Hampshire,2,False,True,3.1,44.98,-2921880.0,-1.0
2014.0,New Hampshire,2,False,True,3.1,44.98,1010381.2,1.0
2014.0,New Jersey,3,False,False,5.1,54.9,-338720.0,-1.0
2014.0,New Jersey,3,False,False,5.1,54.9,1818930.0,1.0
2014.0,New Jersey,5,True,False,6.6,56.13,137210.0,1.0
2014.0,New York,1,False,True,4.2,54.43,-435260.0,-1.0
2014.0,New York,1,False,True,4.2,54.43,457470.0,1.0
2014.0,New York,4,False,False,1.6,47.16,-344560.0,-1.0
2014.0,New York,11,True,False,4.6,56.55,-2484390.0,-1.0
2014.0,New York,18,False,True,3.4,49.05,-1554510.0,-1.0
2014.0,New York,18,False,True,3.4,49.05,1391260.0,1.0
2014.0,New York,19,True,False,6.2,64.49,-1922040.0,-1.0
2014.0,New York,19,True,False,6.2,64.49,1041010.0,1.0
2014.0,New York,21,False,False,6.0,61.97,-941830.0,-1.0
2014.0,New York,21,False,False,6.0,61.97,978690.0,1.0
2014.0,New York,23,True,False,6.4,61.69,-921380.0,-1.0
2014.0,New York,23,True,False,6.4,61.69,966000.0,1.0
2014.0,New York,24,False,True,3.8,59.6,-2704740.0,-1.0
2014.0,New York,24,False,True,3.8,59.6,1528190.0,1.0
2014.0,North Carolina,7,False,False,6.8,61.53,,
2014.0,Ohio,6,True,False,6.8,60.15,-296240.0,-1.0
2014.0,Ohio,6,True,False,6.8,60.15,171910.0,1.0
2014.0,Ohio,14,True,False,6.8,65.7,-71400.0,-1.0
2014.0,Ohio,14,True,False,6.8,65.7,267440.0,1.0
2014.0,Pennsylvania,6,False,False,6.45,56.29,-657360.0,-1.0
2014.0,Pennsylvania,6,False,False,6.45,56.29,331920.0,1.0
2014.0,Texas,23,False,True,2.9,51.08,-5941993.199999998,-1.0
2014.0,Texas,23,False,True,2.9,51.08,4715180.0,1.0
2014.0,Utah,4,False,False,6.4,52.64,-324930.0,-1.0
2014.0,Utah,4,False,False,6.4,52.64,424930.0,1.0
2014.0,Washington,1,False,True,1.4,44.96,-1124900.0,-1.0
2014.0,Virginia,10,False,False,4.9,58.33,-3225430.0,-1.0
2014.0,Virginia,10,False,False,4.9,58.33,2091880.0,1.0
2014.0,West Virginia,2,False,False,4.4,51.76,-859530.0,-1.0
2014.0,West Virginia,2,False,False,4.4,51.76,396940.0,1.0
2014.0,West Virginia,3,False,True,4.2,55.35,-3308765.8999999594,-1.0
2014.0,West Virginia,3,False,True,4.2,55.35,1663928.7999999966,1.0
2014.0,Wisconsin,6,False,False,6.4,58.14,-49360.0,-1.0
2014.0,Wisconsin,6,False,False,6.4,58.14,166140.0,1.0
2014.0,Wisconsin,7,True,False,6.8,60.07,,
2012.0,Arizona,1,False,False,4.142857143,48.06,-4640860.0,-1.0
2012.0,Arizona,1,False,False,4.142857143,48.06,4377080.0,1.0
2012.0,Arizona,2,False,True,3.142857143,49.58,-1494790.0,-1.0
2012.0,Arizona,2,False,True,3.142857143,49.58,1297900.0,1.0
2012.0,Arizona,9,False,False,3.357142857,47.81,-4304450.0,-1.0
2012.0,Arizona,9,False,False,3.357142857,47.81,3224370.0,1.0
2012.0,Arkansas,1,True,False,6.857142857,58.96,-104670.0,-1.0
2012.0,Arkansas,1,True,False,6.857142857,58.96,312600.0,1.0
2012.0,Arkansas,4,False,False,6.714285714,61.87,-206470.0,-1.0
2012.0,Arkansas,4,False,False,6.714285714,61.87,1013860.0,1.0
2012.0,California,3,False,True,1.928571429,45.77,-451700.0,-1.0
2012.0,California,3,False,True,1.928571429,45.77,312720.0,1.0
2012.0,California,7,True,False,3.857142857,48.32,-3868880.0,-1.0
2012.0,California,7,True,False,3.857142857,48.32,2975290.0,1.0
2012.0,California,9,False,True,3.5,44.45,-1812760.0,-1.0
2012.0,California,9,False,True,3.5,44.45,2434010.0,1.0
2012.0,California,10,True,False,4.357142857,52.71,-3472170.0,-1.0
2012.0,California,10,True,False,4.357142857,52.71,3354100.0,1.0
2012.0,California,16,False,True,1.357142857,42.59,-432010.0,-1.0
2012.0,California,16,False,True,1.357142857,42.59,249950.0,1.0
2012.0,California,21,False,False,6.071428571,57.76,-279760.0,-1.0
2012.0,California,21,False,False,6.071428571,57.76,1206010.0,1.0
2012.0,California,24,False,True,3.5,44.9,-1312970.0,-1.0
2012.0,California,24,False,True,3.5,44.9,1921010.0,1.0
2012.0,California,26,False,False,3.642857143,47.31,-154160.0,-1.0
2012.0,California,26,False,False,3.642857143,47.31,142190.0,1.0
2012.0,California,36,True,False,4.357142857,47.06,-1673680.0,-1.0
2012.0,California,36,True,False,4.357142857,47.06,1323170.0,1.0
2012.0,California,41,False,False,3.071428571,41.03,,
2012.0,California,47,False,False,1.892857143,43.44,,
2012.0,California,52,True,False,3.857142857,48.82,-6282270.0,-1.0
2012.0,California,52,True,False,3.857142857,48.82,5495080.0,1.0
2012.0,Colorado,3,True,False,5.25,56.45,-1583580.0,-1.0
2012.0,Colorado,3,True,False,5.25,56.45,1551390.0,1.0
2012.0,Colorado,6,True,False,4.357142857,51.09,-4568640.0,-1.0
2012.0,Colorado,6,True,False,4.357142857,51.09,4324720.0,1.0
2012.0,Colorado,7,False,True,2.071428571,43.25,-3051770.0,-1.0
2012.0,Colorado,7,False,True,2.071428571,43.25,4036290.0,1.0
2012.0,Connecticut,4,False,True,1.142857143,40.04,,
2012.0,Connecticut,5,False,False,3.571428571,48.69,-5014480.0,-1.0
2012.0,Connecticut,5,False,False,3.571428571,48.69,3428800.0,1.0
2012.0,Florida,2,True,False,5.392857143,52.73,-1678400.0,-1.0
2012.0,Florida,2,True,False,5.392857143,52.73,1663660.0,1.0
2012.0,Florida,9,False,False,1.642857143,37.48,-823130.0,-1.0
2012.0,Florida,9,False,False,1.642857143,37.48,332750.0,1.0
2012.0,Florida,10,True,False,5.0,51.74,-3345800.0,-1.0
2012.0,Florida,10,True,False,5.0,51.74,1237810.0,1.0
2012.0,Florida,13,True,False,6.571428571,57.57,-142970.0,-1.0
2012.0,Florida,13,True,False,6.571428571,57.57,153630.0,1.0
2012.0,Florida,16,True,False,5.964285714,53.61,-781670.0,-1.0
2012.0,Florida,16,True,False,5.964285714,53.61,533300.0,1.0
2012.0,Florida,18,True,False,4.285714286,49.71,-4175010.0,-1.0
2012.0,Florida,18,True,False,4.285714286,49.71,5993260.0,1.0
2012.0,Florida,22,False,False,2.607142857,45.37,-1437600.0,-1.0
2012.0,Florida,22,False,False,2.607142857,45.37,995220.0,1.0
2012.0,Florida,26,True,False,2.928571429,44.5,-54350.0,-1.0
2012.0,Florida,26,True,False,2.928571429,44.5,103470.0,1.0
2012.0,Georgia,12,False,True,3.857142857,46.3,-6182940.0,-1.0
2012.0,Georgia,12,False,True,3.857142857,46.3,4802720.0,1.0
2012.0,Illinois,8,True,False,2.321428571,45.26,-5793870.0,-1.0
2012.0,Illinois,8,True,False,2.321428571,45.26,7033220.0,1.0
2012.0,Illinois,10,True,False,3.928571429,49.37,-5038960.0,-1.0
2012.0,Illinois,10,True,False,3.928571429,49.37,10058890.0,1.0
2012.0,Illinois,11,True,False,3.357142857,41.43,-6267300.0,-1.0
2012.0,Illinois,11,True,False,3.357142857,41.43,7431850.0,1.0
2012.0,Illinois,12,False,False,3.857142857,45.28,-2813790.0,-1.0
2012.0,Illinois,12,False,False,3.857142857,45.28,3682750.0,1.0
2012.0,Illinois,13,False,False,4.071428571,50.18,-2224760.0,-1.0
2012.0,Illinois,13,False,False,4.071428571,50.18,3226520.0,1.0
2012.0,Illinois,17,True,False,3.5,46.72,-3256630.0,-1.0
2012.0,Illinois,17,True,False,3.5,46.72,3774370.0,1.0
2012.0,Indiana,2,False,False,5.285714286,50.74,-1169080.0,-1.0
2012.0,Indiana,2,False,False,5.285714286,50.74,1390040.0,1.0
2012.0,Indiana,8,True,False,5.678571429,55.33,-869890.0,-1.0
2012.0,Indiana,8,True,False,5.678571429,55.33,1182480.0,1.0
2012.0,Iowa,2,False,True,1.964285714,43.33,-1055690.0,-1.0
2012.0,Iowa,2,False,True,1.964285714,43.33,940230.0,1.0
2012.0,Iowa,4,True,False,4.785714286,54.14,-1740460.0,-1.0
2012.0,Iowa,4,True,False,4.785714286,54.14,1533300.0,1.0
2012.0,Iowa,1,False,True,1.571428571,42.21,-943380.0,-1.0
2012.0,Iowa,1,False,True,1.571428571,42.21,874700.0,1.0
2012.0,Iowa,3,True,False,4.285714286,54.5,-2282950.0,-1.0
2012.0,Iowa,3,True,False,4.285714286,54.5,2881480.0,1.0
2012.0,Kentucky,6,False,True,3.928571429,52.0,-3129990.0,-1.0
2012.0,Kentucky,6,False,True,3.928571429,52.0,3267670.0,1.0
2012.0,Maine,2,False,True,1.428571429,41.81,-662920.0,-1.0
2012.0,Maine,2,False,True,1.428571429,41.81,333900.0,1.0
2012.0,Michigan,7,True,False,6.785714286,55.35,91640.0,1.0
2012.0,Maryland,6,True,False,2.178571429,39.2,-247090.0,-1.0
2012.0,Massachusetts,6,False,True,4.928571429,49.39,-2531470.0,-1.0
2012.0,Massachusetts,6,False,True,4.928571429,49.39,3387590.0,1.0
2012.0,Michigan,1,True,False,3.857142857,50.28,,
2012.0,Michigan,3,True,False,6.071428571,54.36,-1481220.0,-1.0
2012.0,Michigan,3,True,False,6.071428571,54.36,250000.0,1.0
2012.0,Michigan,6,True,False,6.857142857,56.16,-293190.0,-1.0
2012.0,Michigan,6,True,False,6.857142857,56.16,2038750.0,1.0
2012.0,Michigan,11,False,False,5.285714286,53.36,-139260.0,-1.0
2012.0,Michigan,11,False,False,5.285714286,53.36,560870.0,1.0
2012.0,Minnesota,2,True,False,6.357142857,54.09,-461440.0,-1.0
2012.0,Minnesota,2,True,False,6.357142857,54.09,562480.0,1.0
2012.0,Minnesota,6,True,False,5.5,50.61,-1669300.0,-1.0
2012.0,Minnesota,6,True,False,5.5,50.61,3076510.0,1.0
2012.0,Minnesota,7,False,True,1.142857143,36.59,-148610.0,-1.0
2012.0,Minnesota,7,False,True,1.142857143,36.59,17180.0,1.0
2012.0,Minnesota,8,True,False,3.857142857,45.54,-4580900.0,-1.0
2012.0,Minnesota,8,True,False,3.857142857,45.54,4404690.0,1.0
2012.0,Nebraska,2,True,False,6.428571429,50.8,-274220.0,-1.0
2012.0,Nebraska,2,True,False,6.428571429,50.8,570700.0,1.0
2012.0,Nevada,3,True,False,5.0,54.02,-3564340.0,-1.0
2012.0,Nevada,3,True,False,5.0,54.02,4145370.0,1.0
2012.0,Nevada,4,False,False,3.642857143,45.66,-2511300.0,-1.0
2012.0,Nevada,4,False,False,3.642857143,45.66,4417650.0,1.0
2012.0,New Hampshire,1,True,False,4.357142857,48.03,-1407170.0,-1.0
2012.0,New Hampshire,1,True,False,4.357142857,48.03,1346810.0,1.0
2012.0,New Hampshire,2,True,False,3.428571429,47.47,-2335240.0,-1.0
2012.0,New Hampshire,2,True,False,3.428571429,47.47,1205500.0,1.0
2012.0,New Jersey,3,True,False,5.821428571,54.5,-1710900.0,-1.0
2012.0,New Jersey,3,True,False,5.821428571,54.5,532150.0,1.0
2012.0,New Jersey,5,True,False,6.857142857,56.28,,
2012.0,New Jersey,7,True,False,6.857142857,58.8,,
2012.0,New Jersey,9,False,True,1.142857143,25.28,-333500.0,-1.0
2012.0,New Jersey,9,False,True,1.142857143,25.28,403100.0,1.0
2012.0,New Mexico,1,False,False,1.357142857,40.84,-1079740.0,-1.0
2012.0,New Mexico,1,False,False,1.357142857,40.84,191470.0,1.0
2012.0,New York,1,False,True,3.571428571,47.51,-209160.0,-1.0
2012.0,New York,1,False,True,3.571428571,47.51,238380.0,1.0
2012.0,New York,11,True,False,5.642857143,52.73,,
2012.0,New York,18,True,False,4.5,48.05,-671050.0,-1.0
2012.0,New York,18,True,False,4.5,48.05,32630.0,1.0
2012.0,New York,19,True,False,4.5,52.8,-1252320.0,-1.0
2012.0,New York,19,True,False,4.5,52.8,1802360.0,1.0
2012.0,New York,21,False,True,3.357142857,49.0,-1917450.0,-1.0
2012.0,New York,21,False,True,3.357142857,49.0,3720110.0,1.0
2012.0,New York,22,True,False,6.642857143,60.74,-63010.0,-1.0
2012.0,New York,22,True,False,6.642857143,60.74,206190.0,1.0
2012.0,New York,23,True,False,6.785714286,51.91,-274950.0,-1.0
2012.0,New York,23,True,False,6.785714286,51.91,235870.0,1.0
2012.0,New York,24,True,False,3.571428571,47.04,-1985540.0,-1.0
2012.0,New York,24,True,False,3.571428571,47.04,2074680.0,1.0
2012.0,New York,25,False,True,2.321428571,42.59,-1950070.0,-1.0
2012.0,New York,25,False,True,2.321428571,42.59,2241100.0,1.0
2012.0,New York,27,False,True,4.285714286,50.79,-3215660.0,-1.0
2012.0,New York,27,False,True,4.285714286,50.79,2753070.0,1.0
2012.0,North Carolina,7,False,True,3.928571429,49.9,-2804580.0,-1.0
2012.0,North Carolina,7,False,True,3.928571429,49.9,3018130.0,1.0
2012.0,North Carolina,8,False,True,5.75,53.95,-393070.0,-1.0
2012.0,North Carolina,8,False,True,5.75,53.95,3280810.0,1.0
2012.0,North Carolina,11,False,False,6.107142857,57.42,-47610.0,-1.0
2012.0,North Carolina,11,False,False,6.107142857,57.42,279980.0,1.0
2012.0,North Carolina,13,False,False,6.5,56.8,607990.0,1.0
2012.0,Ohio,6,True,False,4.642857143,53.25,-1642060.0,-1.0
2012.0,Ohio,6,True,False,4.642857143,53.25,1719800.0,1.0
2012.0,Ohio,7,True,False,6.357142857,56.4,-245360.0,-1.0
2012.0,Ohio,7,True,False,6.357142857,56.4,354410.0,1.0
2012.0,Ohio,9,False,True,1.142857143,23.97,-635360.0,-1.0
2012.0,Ohio,16,True,False,4.142857143,52.05,-4435790.0,-1.0
2012.0,Ohio,16,True,False,4.142857143,52.05,5043560.0,1.0
2012.0,Oklahoma,2,False,False,6.0,59.93,-1423360.0,-1.0
2012.0,Oklahoma,2,False,False,6.0,59.93,1144920.0,1.0
2012.0,Oregon,5,False,True,1.357142857,43.99,-404440.0,-1.0
2012.0,Pennsylvania,6,True,False,6.214285714,57.14,-468560.0,-1.0
2012.0,Pennsylvania,7,True,False,6.642857143,59.4,,
2012.0,Pennsylvania,8,True,False,5.821428571,56.6,1602750.0,1.0
2012.0,Pennsylvania,11,True,False,6.857142857,58.54,-290830.0,-1.0
2012.0,Pennsylvania,11,True,False,6.857142857,58.54,268160.0,1.0
2012.0,Pennsylvania,12,False,True,3.857142857,51.74,-6431130.0,-1.0
2012.0,Pennsylvania,12,False,True,3.857142857,51.74,7679200.0,1.0
2012.0,Pennsylvania,15,True,False,6.857142857,56.75,99770.0,1.0
2012.0,Pennsylvania,18,True,False,6.857142857,63.96,-577850.0,-1.0
2012.0,Pennsylvania,18,True,False,6.857142857,63.96,1245790.0,1.0
2012.0,Rhode Island,1,False,True,3.5,43.53,-1396360.0,-1.0
2012.0,Rhode Island,1,False,True,3.5,43.53,1094140.0,1.0
2012.0,Tennessee,4,True,False,5.142857143,55.76,-1092420.0,-1.0
2012.0,Tennessee,4,True,False,5.142857143,55.76,941990.0,1.0
2012.0,Texas,10,True,False,6.857142857,62.54,,
2012.0,Texas,14,False,False,5.5,54.51,-30770.0,-1.0
2012.0,Texas,23,True,False,4.071428571,47.52,-6138260.0,-1.0
2012.0,Texas,23,True,False,4.071428571,47.52,4527020.0,1.0
2012.0,Texas,34,False,False,1.142857143,36.92,-231610.0,-1.0
2012.0,Texas,34,False,False,1.142857143,36.92,24520.0,1.0
2012.0,Utah,4,False,True,4.428571429,49.84,-4031050.0,-1.0
2012.0,Utah,4,False,True,4.428571429,49.84,3224070.0,1.0
2012.0,Virginia,2,True,False,5.821428571,53.83,-1202150.0,-1.0
2012.0,Virginia,2,True,False,5.821428571,53.83,1074720.0,1.0
2012.0,Virginia,5,True,False,6.857142857,56.4,-421290.0,-1.0
2012.0,Virginia,5,True,False,6.857142857,56.4,519130.0,1.0
2012.0,Washington,1,False,True,2.571428571,46.06,-3764550.0,-1.0
2012.0,Washington,3,True,False,6.857142857,60.38,596940.0,1.0
2012.0,Washington,10,False,False,1.357142857,41.44,-1222410.0,-1.0
2012.0,West Virginia,3,False,True,1.928571429,46.02,-764350.0,-1.0
2012.0,West Virginia,3,False,True,1.928571429,46.02,455780.0,1.0
2012.0,Wisconsin,7,True,False,5.142857143,56.15,-592010.0,-1.0
2012.0,Wisconsin,7,True,False,5.142857143,56.15,1683330.0,1.0
2012.0,Wisconsin,8,True,False,6.214285714,56.0,-493050.0,-1.0
2012.0,Wisconsin,8,True,False,6.214285714,56.0,813450.0,1.0
2010.0,Alabama,2,False,True,3.95,51.09,,
2010.0,Alabama,5,False,False,6.4,57.94,,
2010.0,Arizona,1,False,True,5.1,53.2,,
2010.0,Arizona,3,False,False,5.8,55.94,,
2010.0,Arizona,5,False,True,4.55,54.61,,
2010.0,Arizona,7,False,True,3.3,46.82,,
2010.0,Arizona,8,False,True,4.0,49.24,,
2010.0,Arkansas,1,False,False,4.75,54.36,,
2010.0,Arkansas,2,False,False,6.05,60.21,,
2010.0,California,3,True,False,5.1,53.69,,
2010.0,California,11,False,True,4.4,49.42,,
2010.0,California,18,False,True,1.8,41.52,,
2010.0,California,20,False,True,3.5,48.3,,
2010.0,California,47,False,True,2.7,42.57,,
2010.0,Colorado,3,False,True,4.55,52.0,,
2010.0,Colorado,4,False,True,5.45,55.93,,
2010.0,Colorado,7,False,True,2.75,43.86,,
2010.0,Connecticut,4,False,True,2.95,46.94,,
2010.0,Connecticut,5,False,True,2.95,45.94,,
2010.0,Florida,2,False,True,5.25,56.45,,
2010.0,Florida,8,False,True,5.45,59.49,,
2010.0,Florida,12,False,False,5.15,53.92,,
2010.0,Florida,22,False,True,4.2,54.36,,
2010.0,Florida,24,False,True,5.45,59.66,,
2010.0,Florida,25,False,False,5.1,55.04,,
2010.0,Georgia,2,False,True,4.1,48.56,,
2010.0,Georgia,8,False,True,5.1,52.7,,
2010.0,Hawaii,1,True,False,4.2,46.77,,
2010.0,Idaho,1,False,True,3.85,55.28,,
2010.0,Illinois,8,False,True,1.8,50.07,,
2010.0,Illinois,10,False,False,3.25,51.08,,
2010.0,Illinois,11,False,True,5.65,57.35,,
2010.0,Illinois,14,False,True,4.55,53.25,,
2010.0,Illinois,17,False,True,4.55,55.03,,
2010.0,Indiana,2,False,True,3.3,49.3,,
2010.0,Indiana,8,False,False,5.85,60.59,,
2010.0,Indiana,9,False,True,4.75,55.32,,
2010.0,Iowa,1,False,True,2.55,48.97,,
2010.0,Iowa,2,False,True,2.55,47.38,,
2010.0,Iowa,3,False,True,2.75,47.82,,
2010.0,Kansas,3,False,False,6.05,60.17,,
2010.0,Kentucky,3,False,True,2.15,44.59,,
2010.0,Kentucky,6,False,True,3.3,49.86,,
2010.0,Louisiana,2,True,False,2.55,34.13,,
2010.0,Louisiana,3,False,False,6.25,63.77,,
2010.0,Maine,1,False,True,3.15,43.18,,
2010.0,Maine,2,False,True,2.35,44.87,,
2010.0,Maryland,1,False,True,5.1,56.3,,
2010.0,Massachusetts,4,False,True,2.2,44.58,,
2010.0,Massachusetts,5,False,True,1.6,43.51,,
2010.0,Massachusetts,10,False,False,3.8,47.49,,
2010.0,Michigan,1,False,False,4.8,55.97,,
2010.0,Minnesota,1,False,True,2.75,47.17,,
2010.0,Minnesota,6,True,False,6.4,56.89,,
2010.0,Minnesota,8,False,True,2.95,50.84,,
2010.0,Mississippi,1,False,True,4.55,57.53,,
2010.0,Mississippi,4,False,True,3.8,52.58,,
2010.0,Missouri,3,False,True,2.35,48.8,,
2010.0,Missouri,4,False,True,3.8,52.78,,
2010.0,Nebraska,2,True,False,6.4,60.81,,
2010.0,Nevada,3,False,True,4.95,50.34,,
2010.0,New Hampshire,1,False,True,5.25,56.02,,
2010.0,New Hampshire,2,False,False,4.2,50.83,,
2010.0,New Jersey,3,False,True,4.35,51.39,,
2010.0,New Jersey,12,False,True,1.8,46.39,,
2010.0,New Mexico,1,False,True,3.6,48.12,,
2010.0,New Mexico,2,False,True,4.9,55.4,,
2010.0,New York,1,False,True,3.45,49.85,,
2010.0,New York,4,False,True,1.6,46.38,,
2010.0,New York,13,False,True,2.75,51.69,,
2010.0,New York,19,False,True,4.35,52.68,,
2010.0,New York,20,False,True,4.55,54.87,,
2010.0,New York,22,False,True,2.2,47.34,,
2010.0,New York,23,False,True,4.4,49.39,,
2010.0,New York,24,False,True,3.8,53.08,,
2010.0,New York,25,False,True,2.35,50.16,,
2010.0,New York,29,False,False,6.25,56.61,,
2010.0,North Carolina,2,False,True,2.85,50.4,,
2010.0,North Carolina,7,False,True,3.25,46.32,,
2010.0,North Carolina,8,False,True,3.9,45.17,,
2010.0,North Carolina,11,False,True,2.55,45.66,,
2010.0,Ohio,1,True,False,5.45,52.82,,
2010.0,Ohio,6,False,True,3.8,52.64,,
2010.0,Ohio,12,True,False,6.4,57.65,,
2010.0,Ohio,13,False,True,2.15,44.27,,
2010.0,Ohio,15,False,True,5.65,56.74,,
2010.0,Ohio,16,False,True,4.7,55.8,,
2010.0,Ohio,18,False,True,4.55,57.09,,
2010.0,Oregon,1,False,True,1.6,43.38,,
2010.0,Oregon,5,False,True,3.8,47.28,,
2010.0,Pennsylvania,3,False,True,5.45,55.72,,
2010.0,Pennsylvania,4,False,True,2.35,49.19,,
2010.0,Pennsylvania,6,True,False,6.2,57.1,,
2010.0,Pennsylvania,7,False,False,4.55,55.54,,
2010.0,Pennsylvania,8,False,False,4.35,53.52,,
2010.0,Pennsylvania,10,False,True,4.4,55.18,,
2010.0,Pennsylvania,11,False,True,4.55,54.7,,
2010.0,Pennsylvania,12,False,True,3.4,49.22,,
2010.0,Pennsylvania,15,True,False,5.65,57.86,,
2010.0,Pennsylvania,17,False,True,1.8,44.5,,
2010.0,Rhode Island,1,False,False,3.1,46.82,,
2010.0,South Carolina,5,False,True,4.9,55.16,,
2010.0,Tennessee,4,False,True,4.35,59.68,,
2010.0,Tennessee,6,False,False,6.25,69.6,,
2010.0,Tennessee,8,False,False,6.05,60.32,,
2010.0,Texas,17,False,True,5.65,62.82,,
2010.0,Texas,23,False,True,4.4,52.64,,
2010.0,Texas,27,False,True,2.35,50.38,,
2010.0,Virginia,2,False,True,5.1,55.58,,
2010.0,Virginia,5,False,True,4.75,51.96,,
2010.0,Virginia,9,False,True,3.45,52.46,,
2010.0,Virginia,11,False,True,3.3,49.78,,
2010.0,Washington,2,False,True,3.3,48.93,,
2010.0,Washington,3,False,False,4.75,52.97,,
2010.0,Washington,8,True,False,5.45,52.05,,
2010.0,West Virginia,1,False,False,4.2,50.4,,
2010.0,West Virginia,3,False,True,2.0,43.96,,
2010.0,Wisconsin,3,False,True,2.75,48.04,,
2010.0,Wisconsin,7,False,False,4.55,53.98,,
2010.0,Wisconsin,8,False,True,5.1,54.83,,
